﻿<?xml version="1.0" encoding="utf-8"?>
<publishData>
  <publishProfile publishUrl="D:\WCF" deleteExistingFiles="False" ftpAnonymousLogin="False" ftpPassiveMode="True" msdeploySite="" msdeploySiteID="" msdeployRemoteSitePhysicalPath="" msdeployAllowUntrustedCertificate="False" msdeploySkipExtraFilesOnServer="True" msdeployMarkAsApp="False" profileName="配置文件1" publishMethod="FileSystem" replaceMatchingFiles="True" userName="" savePWD="False" userPWD="" SelectedForPublish="True">
    <file relUrl="bin/CallServiceSoapClient2.asmx" publishTime="06/22/2018 10:04:06" />
    <file relUrl="WebService20180623.txt" publishTime="06/26/2018 15:11:52" />
    <file relUrl="bin/CallServiceSoapClient1.asmx.cs" publishTime="06/21/2018 20:16:19" />
    <file relUrl="bin/CallServiceSoapClient1.asmx" publishTime="05/15/2017 11:33:10" />
    <file relUrl="WebService20171220.txt" publishTime="02/06/2018 09:11:36" />
    <file relUrl="WebService20180304.txt" publishTime="03/07/2018 08:52:38" />
    <file relUrl="bin/WebService20180305.txt" publishTime="03/07/2018 08:52:38" />
    <file relUrl="WebService20180302.txt" publishTime="03/07/2018 08:52:38" />
    <file relUrl="XMLFile1.xml" publishTime="01/22/2018 09:03:21" />
    <file relUrl="WebService20171211.txt" publishTime="02/06/2018 09:11:36" />
    <file relUrl="WebService20180622.txt" publishTime="06/26/2018 15:11:22" />
    <file relUrl="bin/WebService20180112.txt" publishTime="06/21/2018 20:50:36" />
    <file relUrl="bin/SunRise.HOSP.Web.pdb" publishTime="06/27/2018 16:57:15" />
    <file relUrl="CallServiceSoapClient2.asmx" publishTime="06/22/2018 10:04:06" />
    <file relUrl="WebService1.asmx" publishTime="01/02/2018 09:07:47" />
    <file relUrl="bin/WebService20180302.txt" publishTime="03/07/2018 08:52:38" />
    <file relUrl="bin/WebService20180301.txt" publishTime="03/07/2018 08:52:38" />
    <file relUrl="bin/CallServiceSoapClient2.asmx.cs" publishTime="06/27/2018 16:44:57" />
    <file relUrl="WebService20180305.txt" publishTime="03/07/2018 08:52:38" />
    <file relUrl="CallServiceSoapClient1.asmx" publishTime="05/15/2017 11:33:10" />
    <file relUrl="WebService20180303.txt" publishTime="03/07/2018 08:52:38" />
    <file relUrl="bin/WebService20171220.txt" publishTime="02/06/2018 09:11:36" />
    <file relUrl="bin/SunRise.HOSP.Web.dll" publishTime="06/27/2018 16:57:15" />
    <file relUrl="WebService20180112.txt" publishTime="06/21/2018 20:50:36" />
    <file relUrl="bin/WebService20180303.txt" publishTime="03/07/2018 08:52:38" />
    <file relUrl="Web.config" publishTime="06/27/2018 16:57:19" />
    <file relUrl="bin/WebService20171211.txt" publishTime="02/06/2018 09:11:36" />
    <file relUrl="CallService.asmx" publishTime="07/25/2016 09:18:47" />
    <file relUrl="bin/WebService20180304.txt" publishTime="03/07/2018 08:52:38" />
    <file relUrl="WebService20180301.txt" publishTime="03/07/2018 08:52:38" />
  </publishProfile>
</publishData>