﻿<Response>
  <ResultCode>0</ResultCode>
  <ResultContent>获取费用信息成功.</ResultContent>
  <Err>0</Err>
  <AdmReasonCount>1</AdmReasonCount>
  <AdmReasons>
    <AdmReason>
      <GroupDR>216</GroupDR>
      <InsuUserId>2647</InsuUserId>
      <AdmSource>1</AdmSource>
      <InsuTypeCode>NCB</InsuTypeCode>
      <InsuTypeDesc>大学生医保</InsuTypeDesc>
      <InsuTypeDR>3</InsuTypeDR>
      <AmtSum>351</AmtSum>
      <TarOCCateItems>
        <TarOCCateItem>
          <TarOCCateDesc>西药</TarOCCateDesc>
          <TarOCCateAmt>351</TarOCCateAmt>
          <OEOrdItems>
            <OEOrdItem>
              <InsuType></InsuType>
              <OEOrdId></OEOrdId>
              <ArcmiDesc>草酸艾司西酞普兰片[10mg*10片]</ArcmiDesc>
              <Price>58.5</Price>
              <Qty>6</Qty>
              <UOM>盒(10片)</UOM>
              <TotalAmount>351</TotalAmount>
              <PatientShareAmt>0</PatientShareAmt>
              <DiscAmount>0</DiscAmount>
            </OEOrdItem>
          </OEOrdItems>
        </TarOCCateItem>
      </TarOCCateItems>
    </AdmReason>
  </AdmReasons>
</Response>